tracer,z_eff,dm_rd_obs,d0_theta,baseline,residual_d0
BGS,0.3,7.85,0.0012723765712988194,0.0785,-0.07722762342870118
LRG,0.7,17.8,-0.0016713430937041335,0.17800000000000002,-0.17967134309370414
ELG,1.1,25.4,-0.008279998464866779,0.254,-0.26227999846486677
