bin,lo,hi,obs,mu_null,mu_d0,avg_damp_high,loglik_null,loglik_d0
bin0,19719.760000000002,123149.84799020318,126,,,,,
bin1,123149.84799020318,769070.4684037813,33,,,,,
bin2,769070.4684037813,4802843.000000001,4,,,,,
high_extrap,769070.4684037813,4802843.000000001,4,8.642857157412777,8.637121199291567,0.9993363354251099,-3.1939781170983,-3.19089769856793
