trace_sq,diag_sum,off_diag_unique_sum,diag_plus_2_offdiag_unique,off_diag_double_sum
12.337777777777777,8.337777777777777,2.0,12.337777777777777,3.9999999999999996
