{
  "best_alpha": 0.605,
  "phi_rank": 152,
  "phi_score": 1.2319067596217972,
  "loo_mean_delta": -0.32346980430272027,
  "status": "MERS_V10_COMPLETE"
}
